{
    "MPJPE": {
        "avg_mm": 43.53360831737518,
        "values": {
            "downtown_runForBus_01": 42.75339096784592,
            "downtown_walkBridge_01": 38.12926635146141,
            "flat_guitar_01": 31.537842005491257,
            "downtown_upstairs_00": 34.58176180720329,
            "downtown_bus_00": 56.087326258420944,
            "downtown_runForBus_00": 44.85037177801132,
            "downtown_walking_00": 38.09865564107895,
            "downtown_walkUphill_00": 32.33988583087921,
            "downtown_stairs_00": 51.548101007938385,
            "office_phoneCall_00": 34.14060175418854,
            "downtown_cafe_00": 36.547496914863586,
            "downtown_enterShop_00": 33.31150487065315,
            "downtown_arguing_00": 44.0872423350811,
            "downtown_car_00": 45.404087752103806,
            "downtown_sitOnStairs_00": 45.80310732126236,
            "downtown_weeklyMarket_00": 43.24003681540489,
            "outdoors_fencing_01": 36.42440214753151,
            "flat_packBags_00": 48.97226393222809,
            "downtown_downstairs_00": 47.322340309619904,
            "downtown_crossStreets_00": 52.01452225446701,
            "downtown_rampAndStairs_00": 40.80352559685707,
            "downtown_warmWelcome_00": 58.32291394472122,
            "downtown_bar_00": 53.24310436844826,
            "downtown_windowShopping_00": 35.92121973633766
        }
    },
    "PA_MPJPE": {
        "avg_mm": 27.677692472934723,
        "values": {
            "downtown_runForBus_01": 26.526417583227158,
            "downtown_walkBridge_01": 21.854976192116737,
            "flat_guitar_01": 21.872010082006454,
            "downtown_upstairs_00": 21.622778847813606,
            "downtown_bus_00": 34.67899188399315,
            "downtown_runForBus_00": 27.867091819643974,
            "downtown_walking_00": 23.48635531961918,
            "downtown_walkUphill_00": 22.494051605463028,
            "downtown_stairs_00": 35.30295938253403,
            "office_phoneCall_00": 20.173046737909317,
            "downtown_cafe_00": 20.816056057810783,
            "downtown_enterShop_00": 21.059181541204453,
            "downtown_arguing_00": 30.245885252952576,
            "downtown_car_00": 28.130747377872467,
            "downtown_sitOnStairs_00": 29.149014502763748,
            "downtown_weeklyMarket_00": 24.44126456975937,
            "outdoors_fencing_01": 24.705370888113976,
            "flat_packBags_00": 29.17911298573017,
            "downtown_downstairs_00": 32.767683267593384,
            "downtown_crossStreets_00": 30.950045213103294,
            "downtown_rampAndStairs_00": 26.770472526550293,
            "downtown_warmWelcome_00": 38.89274597167969,
            "downtown_bar_00": 38.82046788930893,
            "downtown_windowShopping_00": 21.591098979115486
        }
    },
    "MPVPE": {
        "avg_mm": 53.44256013631821,
        "values": {
            "downtown_runForBus_01": 50.931207835674286,
            "downtown_walkBridge_01": 44.90456357598305,
            "flat_guitar_01": 35.97845509648323,
            "downtown_upstairs_00": 39.50696438550949,
            "downtown_bus_00": 76.81699097156525,
            "downtown_runForBus_00": 52.47971788048744,
            "downtown_walking_00": 46.33359983563423,
            "downtown_walkUphill_00": 38.758743554353714,
            "downtown_stairs_00": 62.66734004020691,
            "office_phoneCall_00": 38.49693387746811,
            "downtown_cafe_00": 43.10581460595131,
            "downtown_enterShop_00": 42.74827241897583,
            "downtown_arguing_00": 62.36603483557701,
            "downtown_car_00": 54.41003292798996,
            "downtown_sitOnStairs_00": 55.90537190437317,
            "downtown_weeklyMarket_00": 47.45246097445488,
            "outdoors_fencing_01": 50.004955381155014,
            "flat_packBags_00": 57.812195271253586,
            "downtown_downstairs_00": 52.245866507291794,
            "downtown_crossStreets_00": 62.61942535638809,
            "downtown_rampAndStairs_00": 45.26843875646591,
            "downtown_warmWelcome_00": 74.69972223043442,
            "downtown_bar_00": 66.07351452112198,
            "downtown_windowShopping_00": 45.14641687273979
        }
    }
}